{"cameraMode":{"drawMode":0,"name":"Shaded","section":"Shading Mode"},"sceneLighting":false,"audioPlay":false,"sceneViewState":{"showFog":true,"showMaterialUpdate":false,"showSkybox":false,"showFlares":true,"showImageEffects":true,"showParticleSystems":true},"in2DMode":false,"pivot":{"x":10.050000190734864,"y":0.8820550441741943,"z":0.0},"rotation":{"x":0.08110500872135163,"y":-0.2551129460334778,"z":0.021480007097125055,"w":0.9632642269134522},"size":4.009273052215576,"orthographic":true}