{"cameraMode":{"drawMode":0,"name":"Shaded","section":"Shading Mode"},"sceneLighting":true,"audioPlay":false,"sceneViewState":{"showFog":true,"showMaterialUpdate":false,"showSkybox":true,"showFlares":true,"showImageEffects":true,"showParticleSystems":true},"in2DMode":false,"pivot":{"x":5.216598987579346,"y":6.167341232299805,"z":2.635345458984375},"rotation":{"x":-0.1439342349767685,"y":0.11902905255556107,"z":-0.01744198240339756,"w":-0.9822478890419006},"size":51.77892303466797,"orthographic":false}